Company Name,Interview Question,Question Type,Hints
OpenAI,Describe a time when you had to pivot an AI product strategy based on model limitations,AI Product Sense,"• Set context: what was the original strategy and what limitation emerged?|• Explain how you identified the need to pivot and evaluated alternatives|• Share the new direction and how it worked out"
OpenAI,How would you design a content moderation system for a large language model?,AI Technical,"• Multi-layer approach: input filtering, output classification, human review escalation|• Balance: safety vs. over-blocking, latency vs. thoroughness, cost vs. coverage|• Consider: adversarial attacks, evolving threats, cultural context, appeals process"
OpenAI,Walk me through your process for evaluating whether to build vs buy an AI capability,AI Product Sense,"• Strategic fit: is this core to differentiation or commodity capability?|• Practical factors: team skills, timeline, cost at scale, customization needs|• Risk assessment: vendor dependency, data privacy, switching costs"
OpenAI,Tell me about a time you had to manage stakeholder expectations around AI capabilities,General,"• Describe the expectation gap: what did stakeholders expect vs. reality?|• Explain your communication approach and how you built understanding|• Share how you aligned on realistic goals and maintained trust"
OpenAI,How would you approach building a roadmap that balances model improvements with feature development?,AI Product Sense,"• Create parallel tracks: model/infrastructure vs. user-facing features|• Prioritize model work that unblocks high-value features|• Build in flexibility for unexpected model breakthroughs or setbacks"
Anthropic,Design a system to measure and improve AI safety in a consumer product,AI Technical,"• Define safety dimensions: harmful content, misuse, privacy, reliability|• Measurement: automated testing, red teaming, user reports, incident tracking|• Improvement loop: rapid response, systematic fixes, proactive prevention"
Anthropic,How would you handle a situation where your AI model produces biased outputs for certain demographics?,General,"• Immediate: assess severity, implement mitigations, communicate transparently|• Investigation: identify root cause in data, training, or evaluation|• Long-term: systemic fixes, ongoing monitoring, inclusive testing practices"
Anthropic,Describe your approach to defining success metrics for responsible AI features,Analytics,"• Balance effectiveness (does it catch issues?) with user impact (false positives)|• Include fairness metrics: does the feature work equally across groups?|• Consider unintended consequences: are there ways the metrics could be gamed?"
Anthropic,Tell me about a time you had to balance innovation with safety considerations,General,"• Describe the tension: what innovation was at stake and what safety risks?|• Explain your framework for making the trade-off decision|• Share the outcome and what you learned about balancing these priorities"
Anthropic,How would you design an interface that helps users understand AI limitations?,AI Product Sense,"• Contextual disclosure: surface limitations when they're relevant, not upfront dump|• Confidence indicators: help users calibrate trust based on AI certainty|• Easy verification: make it simple to check AI outputs against sources"
Google DeepMind,Walk me through how you would prioritize research breakthroughs versus product features,AI Product Sense,"• Assess research: potential impact, timeline uncertainty, resource requirements|• Evaluate features: user value, competitive pressure, dependencies on research|• Create portfolio: balance near-term delivery with breakthrough bets"
Google DeepMind,How do you approach working with research scientists versus product engineers?,General,"• Understand different motivations: publication vs. shipping, exploration vs. reliability|• Bridge communication: translate research possibilities to product requirements|• Create shared goals: align on metrics that matter to both groups"
Google DeepMind,Design an AI system to improve healthcare diagnostics while ensuring patient privacy,AI Technical,"• Privacy techniques: federated learning, differential privacy, on-device processing|• Regulatory compliance: HIPAA, data minimization, consent frameworks|• Clinical integration: workflow fit, explainability for doctors, liability considerations"
Google DeepMind,Tell me about a time when scientific accuracy conflicted with product usability,General,"• Describe the conflict: what did scientific accuracy require vs. user needs?|• Explain how you found a resolution or made a principled trade-off|• Share what you learned about balancing these considerations"
Google DeepMind,How would you measure the impact of an AI research breakthrough on product outcomes?,Analytics,"• Define the chain: research improvement → model capability → user experience → business metric|• Design experiments: A/B tests comparing old vs. new model in product context|• Track adoption: how quickly does the breakthrough get integrated and scaled?"
Meta,How would you integrate generative AI into Instagram Stories without compromising authenticity?,AI Product Sense,"• Define authenticity goals: transparency about AI use, preserving genuine expression|• Design guardrails: disclosure requirements, limits on deceptive use|• Find the balance: AI as creative tool vs. replacement for authentic content"
Meta,Describe a situation where you had to scale an AI feature from millions to billions of users,General,"• Technical challenges: infrastructure, latency, cost optimization at scale|• Product challenges: handling diversity across markets, languages, use cases|• Process: phased rollout, monitoring, rapid response to issues"
Meta,Design a recommendation system that balances engagement with user wellbeing,AI Technical,"• Define wellbeing signals: time well spent, diverse content, user-reported satisfaction|• Multi-objective optimization: engagement + wellbeing, not just engagement|• User controls: transparency about recommendations, ability to adjust"
Meta,Walk me through how you'd approach A/B testing for features with AI-generated content,Analytics,"• Address variance: AI outputs vary, need larger samples or different statistical approaches|• Metric selection: capture both content quality and user response|• Guard against risks: monitor for harmful content in test variants"
Meta,Tell me about a time you worked with data scientists to improve model performance in production,AI Technical,"• Describe the collaboration: how did you work together to identify improvements?|• Bridge product and ML: how did you translate user needs to model requirements?|• Share results: what improved and how did you measure it?"
Microsoft,How would you incorporate AI capabilities into Microsoft Teams to improve productivity?,AI Product Sense,"• Identify high-value use cases: meeting summaries, action items, search, scheduling|• Consider integration points: chat, calls, channels, apps|• Address enterprise needs: privacy, security, admin controls, compliance"
Microsoft,Describe your experience managing products that integrate multiple AI models,AI Technical,"• Architecture decisions: when to use multiple models vs. single model|• Orchestration challenges: latency, error handling, consistency across models|• Maintenance: keeping multiple models updated and performing well together"
Microsoft,Tell me about a time you had to explain technical AI tradeoffs to executive leadership,General,"• Frame in business terms: translate technical trade-offs to impact on goals|• Present options clearly: what are the choices and their implications?|• Make recommendation: don't just present facts, guide the decision"
Microsoft,How would you prioritize AI features in a suite of enterprise products?,AI Product Sense,"• Assess impact: which products have highest usage, pain points, AI opportunity?|• Consider synergies: shared capabilities across products, platform investments|• Balance portfolio: quick wins vs. transformative features, different customer segments"
Microsoft,Design an AI copilot feature for a business application you're familiar with,AI Product Sense,"• Choose an application and identify key workflows that could benefit from AI|• Define the copilot interaction model: proactive vs. reactive, chat vs. inline|• Address enterprise requirements: accuracy, security, auditability"
Amazon,How would you use AI to improve the customer experience in e-commerce search and discovery?,AI Product Sense,"• Personalization: tailored results based on history, context, intent|• Natural language: conversational search, understanding complex queries|• Discovery: recommendations, visual search, helping users find what they didn't know they wanted"
Amazon,Describe a time you used experimentation to validate an AI feature's business impact,Analytics,"• Describe the hypothesis and why experimentation was needed|• Explain the experiment design: metrics, segments, duration, statistical approach|• Share results and how they influenced the product decision"
Amazon,Walk me through how you'd design Alexa's next breakthrough capability,AI Product Sense,"• Identify unmet needs: what do users try to do with Alexa but can't today?|• Leverage AI advances: what new capabilities do LLMs/multimodal models enable?|• Define success: how would you measure if the capability is truly breakthrough?"
Amazon,Tell me about handling a situation where an AI model's cost exceeded projected ROI,AI Technical,"• Diagnosis: why did costs exceed projections? Usage, pricing, efficiency?|• Options: optimize model, change pricing, reduce scope, or accept lower margin|• Decision process: how did you evaluate and communicate the path forward?"
Amazon,How do you balance personalization with privacy in AI-powered recommendations?,General,"• Data minimization: what's the minimum data needed for good personalization?|• User control: transparency about data use, easy opt-outs, preference settings|• Technical approaches: on-device processing, anonymization, differential privacy"
Nvidia,How would you position an AI infrastructure product to both technical and business buyers?,General,"• Technical buyers: performance benchmarks, developer experience, integration ease|• Business buyers: ROI, competitive advantage, risk reduction, support|• Bridge the gap: help technical champions make the business case internally"
Nvidia,Describe your approach to product strategy when selling to AI researchers versus enterprises,AI Product Sense,"• Researchers: cutting-edge capabilities, flexibility, community, publications|• Enterprises: reliability, support, security, total cost, integration|• Strategy: serve both with different products/tiers or find common platform?"
Nvidia,Tell me about a time you had to educate customers on complex technical capabilities,General,"• Assess audience: what do they already know, what do they need to understand?|• Create learning journey: start simple, build complexity, use examples|• Measure effectiveness: did education lead to adoption and success?"
Nvidia,How would you measure developer adoption and satisfaction for an AI platform?,Analytics,"• Adoption funnel: awareness → trial → activation → engagement → retention|• Satisfaction: NPS, developer surveys, community sentiment, support tickets|• Leading indicators: documentation views, API calls, community activity"
Nvidia,Design a product strategy for making AI training more accessible to smaller companies,AI Product Sense,"• Barriers: cost, expertise, infrastructure, data requirements|• Solutions: managed services, pre-trained models, simplified tools, pay-as-you-go|• Go-to-market: reach SMBs efficiently, build ecosystem, create success stories"
Hugging Face,How would you build a community-driven AI product while maintaining quality standards?,AI Product Sense,"• Community incentives: recognition, access, contribution pathways|• Quality mechanisms: review processes, automated checks, reputation systems|• Balance: don't over-moderate and kill community energy, but maintain trust"
Hugging Face,Describe your experience with open-source product strategies in AI,General,"• Benefits: community contributions, adoption, ecosystem, talent attraction|• Monetization: enterprise features, hosting, support, consulting|• Challenges: supporting free users, competitive dynamics, maintaining quality"
Hugging Face,Tell me about balancing free community features with enterprise monetization,General,"• Define clear value ladder: what's free vs. paid and why|• Avoid alienating community: don't paywall what was free, add new value|• Enterprise needs: security, support, scale, compliance justify premium"
Hugging Face,How would you design a discovery experience for thousands of AI models?,AI Product Sense,"• Search and filtering: by task, license, size, performance, popularity|• Recommendations: based on user's use case, similar models, trending|• Evaluation: easy comparison, benchmarks, try-before-you-download"
Hugging Face,Walk me through prioritizing features for both researchers and practitioners,General,"• Understand different needs: researchers want novelty, practitioners want reliability|• Find common ground: infrastructure that serves both, separate features where needed|• Prioritize by impact: which group drives more value for the platform?"
Scale AI,How would you design a data labeling workflow that ensures both quality and efficiency?,AI Product Sense,"• Quality: clear guidelines, consensus labeling, quality checks, feedback loops|• Efficiency: smart task routing, AI-assisted labeling, parallel processing|• Trade-offs: cost vs. quality tiers, speed vs. accuracy for different use cases"
Scale AI,Describe a time you improved operational metrics in a data-intensive product,Analytics,"• Identify the bottleneck: what metric needed improvement and why?|• Describe your approach: process changes, tooling, automation, incentives|• Share results: quantify the improvement and its business impact"
Scale AI,Tell me about managing a product where human annotation is critical to AI performance,AI Technical,"• Quality-performance link: how annotation quality directly affects model quality|• Annotator experience: training, tools, feedback, career development|• Scaling challenges: maintaining quality as volume increases"
Scale AI,How would you build tools to help companies evaluate and improve their training data?,AI Product Sense,"• Evaluation: data quality metrics, coverage analysis, bias detection|• Improvement: identify gaps, prioritize collection, clean existing data|• Workflow: integrate into ML development process, actionable insights"
Scale AI,Walk me through your approach to pricing a data service for AI companies,General,"• Value-based: what is high-quality data worth to AI companies?|• Cost-plus: labeling costs, quality overhead, margins|• Competitive: market rates, differentiation on quality vs. price"
Cohere,How would you differentiate an enterprise LLM product in a competitive market?,AI Product Sense,"• Technical differentiation: specific capabilities, performance, customization|• Enterprise features: security, compliance, support, integration|• Go-to-market: vertical focus, partnerships, success stories"
Cohere,Describe your approach to building AI APIs that developers love to use,AI Product Sense,"• Developer experience: clear docs, intuitive design, quick start, good errors|• Reliability: uptime, consistent behavior, predictable latency|• Community: support channels, examples, libraries, feedback loops"
Cohere,Tell me about a time you gathered and prioritized feedback from technical users,General,"• Collection methods: interviews, surveys, support tickets, community forums|• Prioritization: frequency, impact, strategic alignment, effort|• Communication: closing the loop, showing users their feedback matters"
Cohere,How would you design developer documentation and examples for an AI platform?,General,"• Structure: getting started, tutorials, reference, examples, troubleshooting|• Content: clear explanations, working code, common use cases, edge cases|• Maintenance: keep updated, version properly, gather feedback on gaps"
Cohere,Walk me through measuring stickiness and expansion for an AI API product,Analytics,"• Stickiness: DAU/MAU, retention cohorts, usage depth, feature adoption|• Expansion: API call growth, new use cases, upsell to higher tiers|• Health indicators: leading signals of churn, expansion opportunities"
Perplexity,Design a search experience that leverages both traditional search and generative AI,AI Product Sense,"• Hybrid approach: when to show AI answers vs. traditional results vs. both|• User intent: some queries need facts, others need synthesis|• UX: clear distinction between AI-generated and retrieved content"
Perplexity,How would you measure whether AI-generated answers are better than traditional results?,Analytics,"• Quality metrics: accuracy, completeness, relevance, freshness|• User metrics: satisfaction, task completion, time to answer|• Comparison: A/B tests, side-by-side evaluation, user preference studies"
Perplexity,Describe handling a situation where AI responses contained factual errors,General,"• Detection: how did you find out? User reports, automated checks, audits|• Response: immediate fixes, user communication, root cause analysis|• Prevention: improved validation, sources, confidence calibration"
Perplexity,Tell me about balancing comprehensiveness with speed in AI-powered search,AI Technical,"• User expectations: different queries need different depth|• Technical approaches: streaming, progressive loading, tiered responses|• Product design: quick answers with option to go deeper"
Perplexity,How would you design citation and source attribution for AI-generated content?,AI Product Sense,"• Transparency: clear indication of what came from where|• Verification: easy for users to check sources themselves|• Trust: how attribution builds confidence in AI answers"
Mistral,How would you position an open-weight AI model against closed competitors?,AI Product Sense,"• Open-weight benefits: customization, deployment flexibility, no vendor lock-in|• Address concerns: support, performance parity, enterprise readiness|• Target segments: who values openness most and why?"
Mistral,Describe your strategy for building products in both open-source and commercial contexts,General,"• Define boundaries: what's open vs. what's commercial value-add|• Community relationship: contribute genuinely, don't just extract|• Business model: how open-source drives commercial success"
Mistral,Tell me about a time you had to make build vs partner decisions for AI capabilities,General,"• Decision framework: strategic importance, capability gap, time-to-market|• Partnership considerations: alignment, dependency risks, exit options|• Outcome: how did the decision play out and what did you learn?"
Mistral,How would you approach international expansion for an AI product?,General,"• Localization: language support, cultural adaptation, local content|• Regulatory: data residency, AI regulations, compliance by market|• Go-to-market: local partnerships, pricing, support infrastructure"
Mistral,Walk me through designing pricing tiers for models of different sizes and capabilities,Analytics,"• Value-based: larger models for complex tasks, smaller for simple/high-volume|• Usage patterns: align pricing with how customers actually use different models|• Competitive positioning: where to compete on price vs. premium"
Character.AI,How would you design safety rails for a conversational AI product used by millions?,AI Technical,"• Multi-layer: content filters, behavioral guidelines, escalation triggers|• Scale considerations: automated systems with human review for edge cases|• User protection: especially for vulnerable populations like minors"
Character.AI,Describe your approach to measuring engagement in AI conversation products,Analytics,"• Quantity: messages, session length, return frequency|• Quality: conversation depth, user satisfaction, goal completion|• Health: balance engagement with wellbeing indicators"
Character.AI,Tell me about handling content moderation at scale for AI-generated conversations,General,"• Automated systems: classifiers for harmful content, policy violations|• Human review: escalation criteria, reviewer training, quality assurance|• Continuous improvement: learning from incidents, updating policies"
Character.AI,How would you design personalization that respects user privacy?,AI Product Sense,"• Data minimization: personalize with minimal data collection|• User control: transparency about what's stored, easy deletion|• Technical approaches: on-device learning, ephemeral context"
Character.AI,Walk me through adding multiplayer or social features to an AI product,AI Product Sense,"• Use cases: shared AI experiences, collaborative creation, social discovery|• Design challenges: privacy between users, AI behavior in groups|• Growth loops: how social features drive acquisition and retention"
Runway,How would you make generative video AI accessible to non-technical creators?,AI Product Sense,"• Interface: intuitive controls, templates, guided workflows|• Learning curve: progressive disclosure, tutorials, examples|• Feedback: real-time previews, easy iteration, undo/history"
Runway,Describe a time you translated cutting-edge AI capabilities into user-friendly features,General,"• The gap: what was the raw capability vs. what users needed?|• Translation: how did you simplify, package, and present the capability?|• Outcome: did users adopt it successfully? What did you learn?"
Runway,Tell me about balancing creative control with AI assistance in content tools,AI Product Sense,"• User agency: AI should enhance, not replace creative decisions|• Adjustability: let users control how much AI helps|• Attribution: who owns AI-assisted creations?"
Runway,How would you measure creative success versus technical metrics in generative AI?,Analytics,"• Technical: resolution, consistency, speed, accuracy to prompt|• Creative: user satisfaction, output usage, creative diversity|• Bridge: technical quality enables but doesn't guarantee creative success"
Runway,Design an onboarding experience for an AI tool with steep learning curves,General,"• Progressive disclosure: start simple, reveal complexity over time|• Quick wins: help users succeed early to build confidence|• Learning paths: different tracks for different user types and goals"
Adept,How would you design an AI agent that takes actions on behalf of users safely?,AI Technical,"• Permission model: what actions require confirmation vs. autonomous?|• Reversibility: prefer reversible actions, warn on irreversible ones|• Monitoring: audit trail, anomaly detection, user notification"
Adept,Describe your approach to building trust when AI makes autonomous decisions,General,"• Transparency: explain what AI is doing and why|• Gradual autonomy: start with suggestions, earn trust for automation|• Recovery: easy to correct mistakes, learn from user interventions"
Adept,Tell me about a time you designed guardrails for AI with significant user impact,General,"• Risk assessment: what could go wrong and how badly?|• Guardrail design: prevention, detection, mitigation layers|• Testing: how did you validate guardrails work before launch?"
Adept,How would you prioritize which workflows to automate with AI agents?,AI Product Sense,"• Value: time saved, error reduction, tasks that couldn't be done before|• Feasibility: reliability requirements, complexity, data availability|• Risk: consequences of errors, user tolerance, reversibility"
Adept,Walk me through measuring productivity gains from AI automation,Analytics,"• Time metrics: task duration, total time saved, time to value|• Quality metrics: error rates, output quality, rework needed|• Adoption: usage frequency, breadth of use, user satisfaction"
Inflection,How would you design an AI companion product that feels personal but maintains boundaries?,AI Product Sense,"• Personalization: remember context, adapt to user, build relationship|• Boundaries: clear AI identity, appropriate relationship framing|• Safety: detect concerning patterns, guide to human help when needed"
Inflection,Describe handling situations where users develop unhealthy attachments to AI,General,"• Detection: signals of unhealthy dependency or isolation|• Response: gentle guidance, not abrupt rejection|• Resources: connect to human support, encourage real relationships"
Inflection,Tell me about balancing emotional intelligence with appropriate AI limitations,AI Technical,"• Emotional support: AI can provide comfort, validation, perspective|• Limitations: not a therapist, can't solve all problems, sometimes wrong|• Design: know when to escalate, be honest about AI nature"
Inflection,How would you measure emotional wellbeing outcomes for an AI companion?,Analytics,"• Self-report: user satisfaction, mood tracking, perceived helpfulness|• Behavioral: usage patterns, conversation sentiment, return frequency|• Safeguards: monitor for negative indicators, not just positive"
Inflection,Design privacy controls for a highly personalized conversational AI,AI Product Sense,"• Transparency: what's stored, how it's used, who can access|• Control: view, edit, delete data; adjust personalization level|• Trust: secure storage, clear data retention policies"
Anthropic,Tell me about a time a new AI model or technology emerged and how you adapted your roadmap,General,"• The emergence: what changed and why was it significant?|• Assessment: how did you evaluate the impact on your plans?|• Adaptation: what did you change, deprioritize, or accelerate?"
Anthropic,How would you conduct user research for AI capabilities that users have never experienced?,General,"• Prototyping: create experiences that simulate the capability|• Analogy: find similar experiences to learn from|• Iteration: rapid testing of concepts before full build"
Anthropic,Describe balancing technical feasibility with ambitious product vision in AI,AI Product Sense,"• Vision: what's the ideal user experience you're working toward?|• Reality: what can you actually build today with current tech?|• Path: how do you ship value now while building toward the vision?"
Anthropic,Walk me through your process for writing PRDs for AI-powered features,AI Technical,"• Uncertainty: acknowledge what's unknown, define experiments|• Success criteria: both technical performance and user outcomes|• Edge cases: AI features need more attention to failure modes"
Anthropic,How do you stay current with rapidly evolving AI research and capabilities?,General,"• Sources: papers, newsletters, conferences, researcher networks|• Filtering: how do you identify what's relevant vs. noise?|• Application: how do you translate research into product thinking?"
OpenAI,Describe a situation where you had to sunset an AI feature due to misuse or safety concerns,General,"• The situation: what happened and how serious was it?|• Decision process: how did you decide to sunset vs. fix?|• Execution: communication, timeline, user impact management"
OpenAI,How would you design rate limiting and usage policies for an AI API?,AI Technical,"• Goals: prevent abuse, ensure fair access, manage costs|• Mechanisms: rate limits, quotas, pricing tiers, throttling|• User experience: clear limits, helpful error messages, upgrade paths"
OpenAI,Tell me about managing products where user behavior was unexpected or emergent,General,"• Discovery: how did you learn about unexpected behavior?|• Assessment: was it good (embrace) or bad (address)?|• Response: product changes, policy updates, communication"
OpenAI,How would you prioritize improvements to model capabilities versus API features?,AI Product Sense,"• User value: what matters more to customers right now?|• Strategic: where does competitive advantage come from?|• Dependencies: do API features require model improvements first?"
OpenAI,Walk me through your approach to developer relations for an AI platform,General,"• Community: forums, Discord, events, champions programs|• Content: documentation, tutorials, examples, showcases|• Feedback loop: gathering input, closing the loop, co-creation"
Google,Design a system to detect and prevent AI-generated spam and misinformation,AI Technical,"• Detection: signals for AI-generated content, misinformation patterns|• Prevention: rate limiting, verification, provenance tracking|• Balance: avoid over-blocking legitimate AI use"
Google,How would you incorporate AI into Search without degrading trust in results?,AI Product Sense,"• Transparency: clear distinction between AI and traditional results|• Quality: ensure AI answers are accurate, sourced, and helpful|• User control: options to adjust AI involvement in results"
Google,Describe your experience with products that required both ML and traditional engineering,AI Technical,"• Integration: how ML and traditional components work together|• Team dynamics: collaboration between ML and software engineers|• Trade-offs: when to use ML vs. rules-based approaches"
Google,Tell me about a time you managed tradeoffs between model accuracy and latency,AI Technical,"• Context: what was the use case and why did the trade-off matter?|• Options: what approaches did you consider?|• Decision: how did you choose and what was the outcome?"
Google,How would you measure cannibalization when adding AI features to existing products?,Analytics,"• Baseline: establish pre-AI usage of existing features|• Comparison: track both AI feature adoption and impact on existing features|• Net impact: is overall value up even if some features decline?"
Microsoft,Describe building an AI product that works across multiple platforms and devices,AI Technical,"• Architecture: cloud vs. edge, sync across devices, consistent experience|• Constraints: different capabilities, latency, and costs by platform|• UX: adapt AI features to each platform's strengths"
Microsoft,How would you ensure AI features are accessible to users with disabilities?,General,"• Design: consider accessibility from the start, not as afterthought|• Specific needs: vision, hearing, motor, cognitive accessibility|• Testing: involve users with disabilities in development process"
Microsoft,Tell me about a time you had to coordinate AI features across multiple product teams,General,"• Coordination challenge: why was cross-team work necessary?|• Approach: how did you align priorities, share resources, communicate?|• Outcome: what worked well and what would you do differently?"
Microsoft,Walk me through your approach to backward compatibility when upgrading AI models,AI Technical,"• Risks: behavior changes, performance differences, breaking integrations|• Testing: regression tests, shadow mode, gradual rollout|• Communication: versioning, deprecation notices, migration guides"
Microsoft,How do you handle versioning and deprecation for AI APIs?,AI Product Sense,"• Versioning strategy: when to create new versions vs. backward-compatible updates|• Deprecation process: timelines, communication, migration support|• Balance: stability for users vs. ability to improve"
Tesla,How would you validate safety for an AI system deployed in autonomous vehicles?,AI Technical,"• Testing: simulation, closed course, shadow mode, limited deployment|• Metrics: safety incidents, disengagements, edge case handling|• Validation: regulatory requirements, third-party audits, continuous monitoring"
Tesla,Describe your approach to real-world testing versus simulation for AI features,AI Technical,"• Simulation benefits: scale, safety, repeatability, edge cases|• Real-world necessity: sensor accuracy, unexpected scenarios, user behavior|• Balance: use simulation to reduce but not replace real-world testing"
Tesla,Tell me about managing products where failure could have life-or-death consequences,General,"• Safety culture: how do you build a team that prioritizes safety?|• Process: what checks and balances prevent dangerous releases?|• Decision-making: how do you make calls when safety conflicts with speed?"
Tesla,How would you measure and improve the trust drivers have in autonomous features?,Analytics,"• Trust signals: feature usage, override rates, survey feedback|• Trust builders: transparency, reliability, appropriate capabilities|• Calibration: ensuring trust matches actual system capabilities"
Tesla,Design a gradual rollout strategy for a new autonomy capability,AI Product Sense,"• Phases: internal testing, limited beta, geographic expansion, full release|• Criteria: what metrics must be met to proceed to next phase?|• Monitoring: real-time safety dashboards, incident response plans"
